,Accident Risk Factor,Atmospheric Conditions Factor,Weather Severity Factor
temperature_c,0.000375677701024765,0.023108173241499906,0.0036011623348448773
rain_mm,0.030932695475162784,-0.07401832893435306,-0.050119795914209724
humidity,-0.0038197927777409843,-0.0810922416646055,0.015720957120311695
wind_speed_kmh,-0.013789651975214045,-0.07146212700091352,0.3876344387795222
air_pressure_hpa,0.07422418048033556,0.3992992239529517,0.02233025501775258
visibility_m_weather,0.025248767897375356,0.11517642302342385,0.11155875315332758
accident_count,0.9898605099420695,-0.11638626348678646,-0.04125414039218365
avg_speed_kmh,-0.04193566499774274,-0.03072566354412202,-0.13090754719080683
vehicle_count,-0.05715198076415981,-0.0222763929635463,-0.027019508604351206
